id_codigo_intituicao;nome_da_ies
0;UNIVERSIDADE PAULISTA
1;UNIVERSIDADE ESTÁCIO DE SÁ
2;CENTRO UNIVERSITÁRIO FIP-MOC
3;FACULDADE DE QUIXERAMOBIM
4;UNIVERSIDADE SÃO JUDAS TADEU
5;FACULDADE PITÁGORAS BACABAL MEARIM
6;FACULDADE PITÁGORAS DE TECNOLOGIA DE BELO HORIZONTE
7;FACULDADE PITÁGORAS DE POÇOS DE CALDAS
8;CENTRO UNIVERSITÁRIO ANHANGUERA
9;FACULDADE ANHANGUERA DE CAMPINAS
10;UNIVERSIDADE SALVADOR
11;FACULDADE DO CENTRO LESTE
12;CENTRO UNIVERSITÁRIO SERRA DOS ÓRGÃOS
13;CENTRO UNIVERSITÁRIO CLARETIANO
14;FACULDADE SINERGIA
15;CENTRO UNIVERSITÁRIO DO PLANALTO CENTRAL APPARECIDO DOS SANTOS
16;UNIVERSIDADE PITÁGORAS UNOPAR
17;CENTRO UNIVERSITÁRIO METROCAMP WYDEN
18;UNIVERSIDADE DO OESTE PAULISTA
19;INSTITUTO NACIONAL DE ENSINO SUPERIOR E PÓS-GRADUAÇÃO PADRE GERVÁSIO
20;FACULDADE CAPIXABA DA SERRA
21;CENTRO UNIVERSITÁRIO SOCIESC DE BLUMENAU
22;UNIVERSIDADE CEUMA
23;CENTRO UNIVERSITÁRIO UNA
24;UNIVERSIDADE CIDADE DE SÃO PAULO
25;CENTRO UNIVERSITÁRIO BRAZ CUBAS
26;FACULDADE IBGEN
27;CENTRO UNIVERSITÁRIO DE MARINGÁ - UNICESUMAR
28;FACULDADE UNIRB - FEIRA DE SANTANA
29;INSTITUTO ITAPETININGANO DE ENSINO SUPERIOR
30;FACULDADE UNIRB - PARNAÍBA
31;FACULDADE ANHANGUERA DE SUMARE
32;UNIVERSIDADE POTIGUAR
33;FACULDADE INTERAMERICANA DE PORTO VELHO
34;UNIVERSIDADE VALE DO RIO VERDE
35;FACULDADE DE CAMPINA GRANDE
36;CENTRO UNIVERSITÁRIO LEONARDO DA VINCI
37;FACULDADE MARTHA FALCÃO WYDEN
38;CENTRO UNIVERSITÁRIO METROPOLITANO DA AMAZÔNIA
39;FACULDADE DOS GUARARAPES
40;FACULDADE ANHANGUERA DE PIRACICABA
41;FACULDADE UNINASSAU LAURO DE FREITAS
42;FACULDADE SÃO PAULO
43;CENTRO UNIVERSITÁRIO ESTÁCIO DE SERGIPE
44;CENTRO UNIVERSITÁRIO DOCTUM DE TEÓFILO OTONI
45;FACULDADE UNA DE CONTAGEM
46;FACULDADE UNA DE BETIM
47;CENTRO UNIVERSITÁRIO DE BELO HORIZONTE
48;CENTRO UNIVERSITÁRIO DOS GUARARAPES
49;CENTRO UNIVERSITÁRIO UNINORTE
50;CENTRO UNIVERSITÁRIO PLANALTO DO DISTRITO FEDERAL - UNIPLAN
51;CENTRO UNIVERSITÁRIO UNA DE BOM DESPACHO
52;CENTRO UNIVERSITÁRIO INTERNACIONAL
53;FACULDADE ANHANGUERA DE ITAPECERICA DA SERRA
54;CENTRO UNIVERSIÁRIO UNIFTC DE FEIRA DE SANTANA
55;CENTRO SUPERIOR DE ESTUDOS JURÍDICOS CARLOS DRUMMOND DE ANDRADE
56;FACULDADE INDEPENDENTE DO NORDESTE
57;FACULDADE ESAMC SOROCABA
58;FACULDADES DOCTUM DE CARATINGA
59;CENTRO UNIVERSITÁRIO CURITIBA
60;CENTRO UNIVERSIÁRIO UNIFTC SALVADOR
61;CENTRO UNIVERSITÁRIO BRASILEIRO
62;UNIVERSIDADE DE FRANCA
63;FACULDADE PITÁGORAS DE GOVERNADOR VALADARES
64;UNIVERSIDADE CATÓLICA DE BRASÍLIA
65;FACULDADE DE TECNOLOGIA E CIÊNCIAS DE ITABUNA
66;FACULDADE PITÁGORAS DE PARAGOMINAS
67;UNIVERSIDADE SANTO AMARO
68;CENTRO UNIVERSITÁRIO IBMEC
69;FACULDADES INTEGRADAS SÃO PEDRO
70;FACULDADE MONTEIRO LOBATO
71;FACULDADES INTEGRADAS DE FERNANDÓPOLIS
72;FACULDADE DE TECNOLOGIA E CIÊNCIAS
73;FACULDADE PITÁGORAS DA SERRA
74;FACULDADE ANHANGUERA DE TABOÃO DA SERRA
75;FACULDADE ÁREA1 WYDEN
76;FACULDADE FAIPE
77;ESCOLA SUPERIOR DE CRICIÚMA - ESUCRI
78;FACULDADE DE EDUCAÇÃO DE PORTO VELHO
79;FACULDADE PITÁGORAS DE BELO HORIZONTE
80;FACULDADE ANHANGUERA DE BRASÍLIA
81;CENTRO UNIVERSITÁRIO CATÓLICA DO LESTE DE MINAS GERAIS
82;UNIVERSIDADE ANHANGUERA DE SÃO PAULO
83;CENTRO UNIVERSITÁRIO UNIFTEC
84;FACULDADE IDEAL WYDEN
85;FACULDADE CESUMAR DE PONTA GROSSA
86;CENTRO UNIVERSITÁRIO DO VALE DO RIBEIRA
87;CENTRO UNIVERSITÁRIO ANHANGUERA DE SÃO PAULO
88;FACULDADES INTEGRADAS DO EXTREMO SUL DA BAHIA
89;FACULDADE SÃO SEBASTIÃO
90;CENTRO UNIVERSITÁRIO ESTÁCIO DE RIBEIRÃO PRETO
91;FACULDADE SANTO ANTONIO
92;CENTRO UNIVERSITÁRIO FAVIP WYDEN
93;FACULDADE PITÁGORAS DE IMPERATRIZ
94;FACULDADE INTEGRADA DE PONTA GROSSA
95;FACULDADE ANHANGUERA DE TAUBATE
96;UNIVERSIDADE CRUZEIRO DO SUL
97;CENTRO UNIVERSITÁRIO DO VALE DO ARAGUAIA
98;UNIVERSIDADE DA REGIÃO DE JOINVILLE
99;FACULDADE EDUCACIONAL DA LAPA
100;CENTRO UNIVERSITÁRIO MAURÍCIO DE NASSAU
101;PONTIFÍCIA UNIVERSIDADE CATÓLICA DO RIO GRANDE DO SUL
102;UNIVERSIDADE VALE DO RIO DOCE
103;FIAM-FAAM - CENTRO UNIVERSITÁRIO
104;FACULDADE FRASSINETTI DO RECIFE
105;FACULDADE ÁGORA - FAG
106;UNIVERSIDADE VILA VELHA
107;CENTRO UNIVERSITÁRIO UNIRB
108;FACULDADE DE TECNOLOGIA NOVA PALHOÇA
109;CENTRO UNIVERSITÁRIO UNI-BAN
110;FACULDADE SERRA DO CARMO
111;FACULDADE DE IMPERATRIZ WYDEN
112;CENTRO UNIVERSITÁRIO FADERGS
113;FACULDADE IDEAU DE PASSO FUNDO
114;CENTRO UNIVERSITÁRIO UNINOVAFAPI
115;FACULDADE CESUMAR
116;CENTRO UNIVERSITÁRIO FANOR WYDEN
117;FACULDADE DE TECNOLOGIA DO AMAPÁ
118;FACULDADE ANHANGUERA DE JUNDIAÍ
119;FACULDADE ANHANGUERA DE NEGÓCIOS E TECNOLOGIAS DA INFORMAÇÃO
120;FACULDADE ANHANGUERA DE RIBEIRÃO PRETO
121;UNIVERSIDADE ANHANGUERA
122;CENTRO UNIVERSITÁRIO OPET
123;FACULDADE IMPACTA DE TECNOLOGIA
124;FACULDADE INSPIRAR
125;CENTRO UNIVERSITÁRIO FBV WYDEN
126;FACULDADE ANHANGUERA DE PELOTAS
127;CENTRO UNIVERSITÁRIO RUY BARBOSA WYDEN
128;FACULDADE INTEGRAL DIFERENCIAL WYDEN
129;FACULDADE ANHANGUERA JARAGUÁ DO SUL
130;FACULDADE PITÁGORAS DE IPATINGA
131;CENTRO UNIVERSITÁRIO ANHANGUERA DE NITERÓI
132;CENTRO UNIVERSITÁRIO UNIC
133;FACULDADE DE TECNOLOGIA E CIÊNCIAS DE JEQUIE
134;FACULDADE ESTÁCIO DA PARAÍBA
135;FACULDADES INTEGRADAS PADRÃO
136;CENTRO UNIVERSITÁRIO CATÓLICA DE QUIXADÁ
137;FACULDADE UNIRB - CAMAÇARI
138;CENTRO UNIVERSITÁRIO NOSSA SENHORA DO PATROCÍNIO
139;FACULDADE  PITÁGORAS
140;FACULDADE PITÁGORAS DE LONDRINA
141;FACULDADE DE RONDONÓPOLIS
142;CENTRO UNIVERSITÁRIO CAMBURY
143;CENTRO UNIVERSITÁRIO SUDOESTE PAULISTA
144;UNIVERSIDADE DE CUIABÁ
145;FACULDADE UNIME DE CIÊNCIAS JURÍDICAS
146;CENTRO UNIVERSITÁRIO ESTÁCIO DE BELO HORIZONTE - ESTÁCIO BH
147;FACULDADE IBMEC
148;CENTRO UNIVERSITÁRIO PARA O DESENVOLVIMENTO DO ALTO VALE DO ITAJAÍ
149;FACULDADE DO SUL
150;CENTRO UNIVERSITÁRIO DO PIAUÍ
151;FACULDADE DO PANTANAL MATOGROSSENSE
152;CENTRO UNIVERSITÁRIO META
153;FACULDADE DE ADMINISTRAÇÃO DE EMPRESAS
154;CENTRO UNIVERSITÁRIO METROPOLITANO DE MARINGÁ
155;INSTITUTO DE ENSINO SUPERIOR DO ACRE
156;FACULDADE ANHANGUERA DE SOROCABA
157;FACULDADE PITÁGORAS DE BACABAL
158;CENTRO UNIVERSIÁRIO UNIFTC
159;FACULDADE ANHANGUERA DE JACAREÍ
160;FACULDADE UNIRB - MOSSORÓ
161;UNIVERSIDADE CESUMAR
162;FACULDADE ESTÁCIO DE CURITIBA
163;FACULDADE DOCTUM DE MANHUAÇU - DOCTUM
164;FACULDADE DE DESENVOLVIMENTO DO NORTE
165;CENTRO UNIVERSITÁRIO IBMR
166;FACULDADE DE CIÊNCIAS ECONÔMICAS
167;FACULDADE PRESIDENTE ANTÔNIO CARLOS DE UBÁ
168;CENTRO UNIVERSITÁRIO CAMPO REAL
169;FACULDADE EDUCACIONAL DE PONTA GROSSA
170;INSTITUTO DE ENSINO SUPERIOR DE FOZ DO IGUAÇU
171;FACULDADE PITÁGORAS DE SÃO LUIZ
172;CENTRO UNIVERSITÁRIO JOAQUIM NABUCO DE RECIFE
173;CENTRO UNIVERSITÁRIO JOAQUIM NABUCO DE PAULISTA
174;CENTRO UNIVERSITÁRIO ANHANGUERA DE SANTO ANDRÉ
175;CENTRO UNIVERSITÁRIO PAULISTANO
176;CENTRO UNIVERSITÁRIO ANHANGUERA DE SANTO ANDRE
177;CENTRO UNIVERSITÁRIO FACID WYDEN
178;CENTRO UNIVERSITÁRIO UNIFAS
179;FACULDADE DE SORRISO
180;CENTRO UNIVERSITÁRIO DA REGIÃO DA CAMPANHA
181;UNIVERSIDADE DE VASSOURAS
182;CENTRO UNIVERSITÁRIO FUNDAÇÃO DE ENSINO OCTÁVIO BASTOS - FEOB
183;FACULDADE DE ADMINISTRAÇÃO DE ITABIRITO
184;CENTRO UNIVERSITÁRIO MAURÍCIO DE NASSAU DE MACEIÓ
185;UNIVERSIDADE UNIVERSUS VERITAS GUARULHOS
186;FACULDADE UNIRB - SALVADOR
187;FACULDADE GALILEU
188;CENTRO UNIVERSITÁRIO MÓDULO
189;FACULDADE ANÍSIO TEIXEIRA DE FEIRA DE SANTANA
190;FACULDADE VITORIANA DE CIÊNCIAS CONTÁBEIS
191;FACULDADE UNIME DE CIÊNCIAS SOCIAIS
192;FACULDADE SANTA MARCELINA
193;IPOG - INSTITUTO DE PÓS-GRADUAÇÃO & GRADUAÇÃO
194;CENTRO UNIVERSITÁRIO DO ESTADO DO PARÁ
195;CENTRO UNIVERSITÁRIO TERESA D'ÁVILA
196;FACULDADES INTEGRADAS DE ARACRUZ
197;FACULDADE UNIRB - PIAUÍ
198;FACULDADE ESTÁCIO DE TERESINA
199;FACULDADE VITORIANA DE TECNOLOGIA
200;FACULDADE DOS CARAJÁS
201;INSTITUTO DE ENSINO SUPERIOR E FORMAÇÃO AVANÇADA DE VITÓRIA
202;INSTITUTO SUPERIOR DE EDUCAÇÃO DE CAXIAS
203;FACULDADE DE FILOSOFIA CIÊNCIAS E LETRAS DE MACAE
204;FACULDADE ESTÁCIO DE CARAPICUÍBA
205;FACULDADE ANHANGUERA DE TAGUATINGA
206;CENTRO UNIVERSITÁRIO DAS FACULDADES METROPOLITANAS UNIDAS
207;FACULDADE REBOUÇAS DE CAMPINA GRANDE
208;FACULDADE EVOLUÇÃO ALTO OESTE POTIGUAR
209;FACULDADE FACCAT
210;UNIVERSIDADE DE ARARAQUARA
211;FACULDADE SÃO PAULO DE PRESIDENTE VENCESLAU
212;CENTRO UNIVERSITÁRIO PRESIDENTE ANTÔNIO CARLOS
213;FACULDADE UNINASSAU ALIANÇA - REDENÇÃO
214;CENTRO UNIVERSITÁRIO FAI
215;UNIVERSIDADE DE RIBEIRÃO PRETO
216;FACULDADE DOCTUM DE JOÃO MONLEVADE
217;FACULDADE DO NORDESTE DA BAHIA
218;FACULDADE UNINASSAU NATAL
219;CENTRO UNIVERSITÁRIO MAURÍCIO DE NASSAU DE SALVADOR
220;FACULDADE UNINASSAU VITÓRIA DA CONQUISTA
221;CENTRO UNIVERSITÁRIO DO VALE DO IGUAÇU
222;FACULDADE SANTA MARCELINA MURIAE - FASM
223;INSTITUTO DE EDUCAÇÃO SUPERIOR RAIMUNDO SÁ
224;FACULDADE ALDETE MARIA ALVES
225;FACULDADE SÃO SALVADOR
226;FACULDADE DE BOTUCATU
227;FACULDADE DE SÃO VICENTE
228;INSTITUTO SUPERIOR DE EDUCAÇÃO IBITURUNA
229;FACULDADE SÃO FRANCISCO DA PARAÍBA
230;FACULDADE DE CIÊNCIAS MEDICAS AGGEU MAGALHÃES
231;CENTRO UNIVERSITÁRIO SÃO JOSÉ
232;FACULDADE SANTA RITA DE CÁSSIA
233;FACULDADE DE CIÊNCIAS E TECNOLOGIAS DE CAMPOS GERAIS
234;CENTRO UNIVERSITÁRIO MAURÍCIO DE NASSAU DE TERESINA
235;FACULDADE UNINASSAU JOÃO PESSOA
236;FACULDADE SERRA DA MESA
237;FACULDADE PROMOVE DE SETE LAGOAS
238;FACULDADE UNINASSAU PARNAÍBA
239;FACULDADE DE TECNOLOGIA FAESA
240;CENTRO UNIVERSITARIO AVANTIS
241;FACULDADE PRINCESA DO OESTE
242;FACULDADE GUARAÍ
243;CENTRO UNIVERSITÁRIO MAURÍCIO DE NASSAU DE CAMPINA GRANDE
244;FACULDADE ALFREDO NASSER DE REMANSO
245;CENTRO UNIVERSITÁRIO CHRISTUS
246;FACULDADE REGIONAL DE RIACHÃO DO JACUÍPE
247;CENTRO UNIVERSITÁRIO DE ARARAS -
248;FACULDADE EDUCACIONAL DE FRANCISCO BELTRÃO
249;FACULDADE TERRA NORDESTE
250;CENTRO UNIVERSITÁRIO SUMARE
251;FACULDADES INTEGRADAS CAMPOS SALLES
252;FACULDADE DE ENGENHARIA E INOVAÇÃO TECNICO PROFISSI
253;FACULDADE LS
254;FACULDADE CRISTO REI
255;FACULDADE DE ODONTOLOGIA DO NORTE DE MINAS
256;CENTRO UNIVERSITÁRIO CENTRAL PAULISTA
257;FACULDADE ENAU
258;FACULDADE UNINABUCO SÃO LOURENÇO DA MATA
259;FACULDADE DE ENSINO SUPERIOR DE MARECHAL CÃNDIDO RONDON
260;CENTRO UNIVERSITÁRIO DANTE
261;FACULDADE DA ESCADA
262;FACULDADE VALE DO AÇO
263;FACULDADE DE EDUCAÇÃO DE COSTA RICA
264;FACULDADES DOCTUM DE IPATINGA
265;CENTRO UNIVERSITÁRIO ESTÁCIO DE SÃO LUÍS
266;FACULDADE CATÓLICA IMACULADA CONCEIÇÃO DO RECIFE
267;UNIVERSIDADE DA AMAZÔNIA
268;FACULDADES MAGSUL
269;INSTITUTO DE ENSINO SUPERIOR SANTO ANTÔNIO
270;FACULDADE SUL-AMERICANA
271;FACULDADE AMERICA
272;FACULDADE UNINASSAU ARACAJU
273;FACULDADE ESAMC CAMPINAS
274;FACULDADE ESAMC JUNDIAÍ
275;FACULDADE DE TECNOLOGIA EM HOTELARIA, GASTRONOMIA E TURISMO DE SÃO PAULO
276;FACULDADE ESAMC SÃO PAULO - ESAMC
277;CENTRO UNIVERSITÁRIO UNIFACIG
278;FACULDADE ESPECIALIZADA NA ÁREA DE SAÚDE DO RIO GRANDE DO SUL
279;FACULDADE DE EDUCAÇÃO CIÊNCIAS E ARTES DOM BOSCO DE MONTE APRAZÍVEL
280;FACULDADE SANTO ANTÔNIO DE PÁDUA
281;FACULDADE SANTA MARIA
282;FACULDADES PEQUENO PRÍNCIPE
283;FACULDADE DOCTUM DE SERRA
284;FACULDADE UNINASSAU SÃO LUÍS
285;FACULDADE BAIANA DE DIREITO E GESTÃO
286;CENTRO DE ENSINO SUPERIOR DO VALE DO PARNAÍBA
287;FACULDADE EMPRESARIAL DE CHAPECÓ
288;CENTRO UNIVERSITÁRIO DE CIÊNCIAS E TECNOLOGIA DO MARANHÃO
289;CENTRO UNIVERSITÁRIO DE PAULÍNIA
290;ATOPP BRASIL FACULDADE DE NEGÓCIOS
291;FACULDADE FAMART
292;CENTRO UNIVERSITÁRIO DA AMAZÔNIA
293;CENTRO DE ENSINO SUPERIOR DE ILHEUS
294;FACULDADE UNINASSAU BELÉM
295;UNIVERSIDADE DE PASSO FUNDO
296;FACULDADE LUTERANA RUI BARBOSA
297;FACULDADE DE MEDICINA DE OLINDA
298;FACULDADE SÃO FRANCISCO DE ASSIS
299;FACULDADE TRÊS DE MAIO
300;FACULDADE PERNAMBUCANA DE SAÚDE
301;FACULDADE ALFREDO NASSER
302;CENTRO UNIVERSITÁRIO BARÃO DE MAUÁ
303;CENTRO UNIVERSITÁRIO DE LAVRAS
304;FACULDADE DE TELÊMACO BORBA
305;CENTRO UNIVERSITÁRIO DOM PEDRO II
306;FACULDADE SATC
307;UNIVERSIDADE DE UBERABA
308;PONTIFÍCIA UNIVERSIDADE CATÓLICA DO RIO DE JANEIRO
309;CENTRO UNIVERSITÁRIO SETE DE SETEMBRO
310;FACULDADE DA CIDADE DE MACEIÓ
311;INSTITUTO DE ENSINO SUPERIOR DE ALAGOAS
312;FACULDADE LA SALLE
313;UNIVERSIDADE DE CRUZ ALTA
314;CENTRO UNIVERSITÁRIO SAÚDE ABC
315;FACULDADE DE FILOSOFIA CIÊNCIAS E LETRAS DE ITUVERAVA
316;FACULDADE DO MARANHÃO
317;FACULDADE UNINASSAU PARNAMIRIM
318;FACULDADE TORRICELLI
319;FACULDADE INSTITUTO PAULISTA DE ENSINO
320;FACULDADE DE CIÊNCIAS E TECNOLOGIA DA BAHIA
321;FACULDADE PARANAENSE
322;FACULDADE SÃO FRANCISCO DO CEARÁ
323;FACULDADE IDEAL DE BRASÍLIA
324;FACULDADE DE RONDAMAZÔNIANIA
325;CENTRO UNIVERSITÁRIO UNIVERSUS VERITAS
326;FACULDADE DE TECNOLOGIA ALFA DE UMUARAMA
327;FACULDADES INTEGRADAS DE RONDONÓPOLIS
328;FACULDADE UNIDA DE VITÓRIA
329;FACULDADE NOVA ROMA
330;CENTRO UNIVERSITÁRIO DO RIO SÃO FRANCISCO UNIRIOS
331;ESCOLA SUPERIOR DE EMPREENDEDORISMO SEBRAE-SP
332;FACULDADE DE AMPERE
333;FACULDADE DO TRABALHO
334;CENTRO UNIVERSITÁRIO UNIFACEAR
335;FACULDADE  SÃO JOAQUIM DA BARRA
336;INSTITUTO SUPERIOR DE EDUCAÇÃO DO SUL DO PIAUÍ
337;UNIÃO LATINO-AMERICANA DE TECNOLOGIA
338;FACULDADE DAMAS DA INSTRUÇÃO CRISTÃ
339;INSTITUTO SUPERIOR DE EDUCAÇÃO DE SÃO PAULO
340;INSTITUTO SUPERIOR DE EDUCAÇÃO DE CAJAZEIRAS
341;FACULDADE NOVOESTE
342;FACULDADE DEHONIANA
343;FACULDADE CÃNDIDO RONDON
344;FACULDADE CAPIVARI
345;FACULDADE CONCÓRDIA
346;FACULDADE WENCESLAU BRAZ
347;FACULDADE SINOP
348;CENTRO UNIVERSITÁRIO SALESIANO DE SÃO PAULO
349;FACULDADE UNIT·
350;FACULDADE FOZ DO IGUAÇU
351;CENTRO UNIVERSITÁRIO NATALENSE
352;CENTRO UNIVERSITÁRIO UBAENSE OZANAM COELHO
353;FACULDADE DE DIREITO MILTON CAMPOS
354;FACULDADE DE ADMINISTRAÇÃO E ARTES DE LIMEIRA
355;FACULDADE ITEANA DE BOTUCATU
356;FACULDADE SERRA DOURADA
357;FACULDADE DE TECNOLOGIA DO VALE DO IVAÍ
358;FACULDADE UNIDA DE CAMPINAS
359;FACULDADE EDUCACIONAL DE ARAPOTI
360;UNIÃO DAS FACULDADES DOS GRANDES LAGOS
361;FACULDADE UNIDA DE CAMPINAS GOIÃNIA - FACUNICAMPS GOIÃNIA
362;FACULDADE UBERLANDENSE DE NÚCLEOS INTEGRADOS DE ENSINO, SERVIÇO SOCIAL E APRENDIZAGEM
363;INSTITUIÇÃO DE ENSINO SUPERIOR DE CACOAL
364;FACULDADE DE INFORMÁTICA E ADMINISTRAÇÃO PAULISTA
365;FACULDADE FASIPE
366;CENTRO UNIVERSITÁRIO DOUTOR LEÇO SAMPAIO
367;FACULDADES ASSOCIADAS DE UBERABA - FAZU
368;FACULDADES INTEGRADAS DE PONTA PORÃ
369;FACULDADE CUIABÁ
370;CENTRO UNIVERSITÁRIO DE BAURU
371;FACULDADES INTEGRADAS DE TRÊS LAGOAS
372;INSTITUTO SUPERIOR DE EDUCAÇÃO IVOTI
373;FACULDADE AUM
374;FACULDADE DE DIREITO SERRA DOURADA
375;FACULDADE DE TECNOLOGIA E CIENCIAS DO NORTE DO PARANÁ
376;INSTITUTO SERRA DOURADA
377;FACULDADE DO VALE DO ITAPECURÚ
378;FACULDADE MERIDIONAL RS
379;FATECE - FACULDADE DE TECNOLOGIA, CIÊNCIAS E EDUCAÇÃO
380;FAI - CENTRO DE ENSINO SUPERIOR EM GESTÃO, TECNOLOGIA E EDUCAÇÃO
381;FACULDADE ARI DE SÁ
382;INSTITUTO DE ENSINO SUPERIOR DA GRANDE FLORIANÓPOLIS
383;CENTRO UNIVERSITÁRIO RITTER DOS REIS
384;INSTITUTO DE ENSINO SUPERIOR MÚLTIPLO
385;CENTRO UNIVERSITÁRIO FACOL
386;FACULDADE DE ENSINO SUPERIOR DA CIDADE DE FEIRA DE SANTANA
387;FACULDADE SANTA RITA
388;FACULDADE DELTA
389;FACULDADES INTEGRADAS DESEMBARGADOR SÁVIO BRANDÃO
390;CENTRO UNIVERSITÁRIO UNISEP
391;INSTITUTO PERNAMBUCANO DE ENSINO SUPERIOR
392;CENTRO UNIVERSITÁRIO DO ESPÍRITO SANTO
393;FACULDADE VALE DO SALGADO
394;FACULDADE DE DESENVOLVIMENTO DAS CIÊNCIAS E HUMANIDADES
395;INSTITUTO TAUBATE DE ENSINO SUPERIOR
396;CENTRO DE ENSINO SUPERIOR DE PALMAS
397;CENTRO UNIVERSITÁRIO DA FUNDAÇÃO EDUCACIONAL INACIANA PE SABÓIA DE MEDEIROS
398;FAE CENTRO UNIVERSITÁRIO
399;FACULDADE DE TECNOLOGIA DE SÃO VICENTE
400;FACULDADE DO ESPÍRITO SANTO
401;CENTRO UNIVERSITÁRIO DA FUNDAÇÃO HERMINIO OMETTO
402;CENTRO UNIVERSITÁRIO FILADELFIA
403;CENTRO UNIVERSITÁRIO DO NORTE
404;UNIVERSIDADE DE MOGI DAS CRUZES
405;FACULDADE COTEMIG
406;FACULDADE DE COMPUTAÇÃO DE MONTES CLAROS
407;FACULDADE FASIPE MATO GROSSO
408;CENTRO UNIVERSITÁRIO TOLEDO
409;CENTRO UNIVERSITÁRIO FARIAS BRITO
410;FACULDADES INTEGRADAS IESGO
411;FACULDADE REFIDIM
412;FACULDADE DOUTOR FRANCISCO MAEDA
413;FACULDADE MADRE THAIS
414;ESCOLA SUPERIOR DE ADMINISTRAÇÃO E GESTÃO STRONG
415;FACULDADE ÚNICA DE TIMÓTEO
416;FACULDADE DE AGUDOS
417;CENTRO UNIVERSITARIO PROJEÇÃO
418;FACULDADE DE CIÊNCIAS E TECNOLOGIA DE UNAÍ - FACTU
419;FACULDADE SETE LAGOAS
420;FACULDADE DE TECNOLOGIA DE HORIZONTE
421;FACULDADE DE JUAZEIRO DO NORTE
422;FACULDADE PROJEÇÃO DO GUARÁ
423;FACULDADE PROJEÇÃO DE CEILÃNDIA
424;CENTRO UNIVERSITÁRIO FG
425;ESCOLA SUPERIOR SÃO FRANCISCO DE ASSIS
426;FACULDADE IRECÊ
427;FACULDADE DE TALENTOS HUMANOS
428;FACULDADE DA AMAZÔNIA DE MARABÁ
429;FACULDADE UNINASSAU GARANHUNS
430;FACULDADE FUCAPE
431;CENTRO UNIVERSITÁRIO MÁRIO PALMERIO
432;FACULDADE MERIDIONAL DE PORTO ALEGRE
433;FACULDADE FASIPE CUIABÁ
434;FACULDADE ÚNICA DE CONTAGEM
435;FACULDADE ALIS DE ITABIRITO
436;FACULDADE MORGANA POTRICH
437;FACULDADE DA AMAZÔNIA DE PORTO VELHO
438;FACULDADE DE CIÊNCIAS E EDUCAÇÃO SENA AIRES
439;FACULDADE UNINASSAU MARACANAÚ
440;CENTRO UNIVERSITÁRIO DAS AMERICAS
441;FACULDADE ESTÁCIO DE CASTANHAL
442;FACULDADE TRÊS MARIAS
443;FACULDADE ESAMC UBERLÃNDIA
444;UNIVERSIDADE DO VALE DO RIO DOS SINOS
445;UNIVERSIDADE DE SANTA CRUZ DO SUL
446;FACULDADE PIO DECIMO
447;CENTRO UNIVERSITÁRIO ADVENTISTA DE SÃO PAULO
448;FACULDADE DE CIÊNCIAS APLICADAS PIAUIENSE
449;UNIVERSIDADE LA SALLE
450;CENTRO UNIVERSITÁRIO NEWTON PAIVA
451;CENTRO DE ENSINO SUPERIOR DE JUIZ DE FORA
452;UNIVERSIDADE PARANAENSE
453;FACULDADE CAPIXABA DE NOVA VENECIA
454;FACULDADE PRAIA GRANDE
455;ESCOLA DE ENSINO SUPERIOR DO AGRESTE PARAIBANO
456;SOBERANA FACULDADE DE SAÚDE DE PETROLINA
457;FACULDADE UNINASSAU MOSSORÓ
458;FACULDADES DE CIÊNCIAS E TECNOLOGIA DO NORDESTE LTDA
459;FACULDADE CIÊNCIAS DA VIDA
460;FACULDADE INSTITUTO BRASIL DE ENSINO - IBRA
461;FACULDADE UNINASSAU JUAZEIRO DO NORTE
462;FACULDADE XV DE AGOSTO
463;FACULDADE DE CIÊNCIAS SOCIAIS APLICADAS DE BELO HORIZONTE
464;UNIVERSIDADE DE CAXIAS DO SUL
465;ESCOLA SUPERIOR DE CIÊNCIAS DA SANTA CASA DE MISERICÓRDIA DE VITÓRIA
466;CENTRO UNIVERSITÁRIO UNIÃO DAS AMERICAS
467;CENTRO UNIVERSITÁRIO SÃO JUDAS TADEU
468;UNIVERSIDADE REGIONAL INTEGRADA DO ALTO URUGUAI E DAS MISSÕES
469;CENTRO UNIVERSITÁRIO UNA DE UBERLÃNDIA
470;UNETRI FACULDADES
471;FACULDADE DE COLINAS DO TOCANTINS
472;FACULDADE CATÓLICA PAULISTA
473;CENTRO UNIVERSITÁRIO UNIHORIZONTES
474;CENTRO UNIVERSITÁRIO DO SUL DE MINAS
475;CENTRO UNIVERSITÁRIO CARLOS DRUMMOND DE ANDRADE
476;FACULDADE UNIRB - FORTALEZA
477;FACULDADE DE ENGENHARIA DE MINAS GERAIS - FEAMIG
478;FACULDADE DE TECNOLOGIA PORTO SUL
479;UNIVERSIDADE CATÓLICA DE SANTOS
480;FACULDADE SÃO BRAZ
481;CENTRO UNIVERSITÁRIO DINÃMICA DAS CATARATAS
482;FACULDADE PROJEÇÃO DE SOBRADINHO
483;FACULDADE METROPOLITANA DE CAMAÇARI
484;FACULDADE METROPOLITANA
485;FACULDADE IDEAU DE GETÚLIO VARGAS
486;FACULDADE DE DIREITO DE ITÚ
487;FACULDADE GUAIRACÁ
488;FACULDADE BIRIGUI
489;CENTRO UNIVERSITÁRIO MOURA LACERDA
490;FACULDADE DOM PEDRO II DE BARREIRAS
491;FACULDADE DE TECNOLOGIA E NEGÓCIOS CARLOS DRUMMOND DE ANDRADE
492;FACULDADE DE MEDICINA NOVA ESPERANÇA
493;FACULDADE CIDADE LUZ
494;FACULDADE DE BOITUVA
495;FACULDADE DE ENSINO SUPERIOR DE SÃO MIGUEL DO IGUAÇU
496;FACULDADE DE TECNOLOGIA DE CURITIBA
497;FACULDADE CENTRAL DO RECIFE CENTRO
498;FACULDADE DE TECNOLOGIA FTEC
499;CENTRO UNIVERSITÁRIO DE ITAJUBÁ
500;FACULDADE DE ADMINISTRAÇÃO CIÊNCIAS ECON E CONTÁBEIS DE GUARATINGUETÁ
501;FACULDADE DE DUQUE DE CAXIAS
502;FACULDADE ATAME
503;FACULDADE UNINASSAU ARAPIRACA
504;FACULDADE IBG
505;FACULDADE EVOLUÇÃO DO VALE DO ACARAÚ
506;FACULDADE MERIDIONAL
507;FACULDADE DE PRESIDENTE VENCESLAU
508;UNIVERSIDADE DO VALE DO PARAÍBA
509;INSTITUTO UNA DE JATAÍ
510;CENTRO UNIVERSITÁRIO DO RIO GRANDE DO NORTE
511;FACULDADE DE MAUÁ - FAMA
512;FACULDADE DE PRESIDENTE PRUDENTE
513;FACULDADE METROPOLITANA DO ESTADO DE SÃO PAULO
514;ESCOLA SUPERIOR DE ADMINISTRAÇÃO E GESTÃO STRONG DA BAIXADA SANTISTA
515;FACULDADE DE INFORMÁTICA DO RECIFE
516;FACULDADE DA REGIÃO SERRANA
517;FACULDADE GIANNA BERETTA
518;FACULDADE METROPOLITANA DE ANÁPOLIS
519;FACULDADE DE ENFERMAGEM NOVA ESPERANÇA
520;FACULDADE DE SÃO PAULO
521;FACULDADE DE CIÊNCIAS HUMANAS E EXATAS DO SERTÃO DO SÃO FRANCISCO
522;FACULDADE DE MIRASSOL
523;FACULDADE DE CIÊNCIAS E EMPREENDEDORISMO
524;FACULDADE DE ENFERMAGEM NOVA ESPERANÇA DE MOSSORÓ - FACENE/RN
525;UNIVERSIDADE FUMEC
526;FACULDADE UNA DE POUSO ALEGRE
527;FACULDADE DE OLÍMPIA
528;FACULDADE GUAIRACÁ DE PRUDENTÓPOLIS
529;FACULDADE DE RIBEIRÃO PIRES
530;FACULDADE ÚNICA DE IPATINGA
531;CENTRO UNIVERSITÁRIO CEUNI - FAMETRO
532;ESCOLA DE ENSINO SUPERIOR FABRA
533;CENTRO UNIVERSITÁRIO APARÍCIO CARVALHO
534;FACULDADE DE SÃO BERNARDO DO CAMPO - FASB
535;CENTRO UNIVERSITÁRIO UNIVEL
536;FACULDADE SÃO LUÍS
537;FACULDADE PALOTINA
538;FACULDADE DO LITORAL SUL PAULISTA
539;FACULDADE IDEAU DE BAGE
540;FACULDADE SISTEMA DE ENSINO GAÚCHO
541;FACULDADE IDEAU DE CAXIAS DO SUL
542;FACULDADES INTEGRADAS APARÍCIO CARVALHO VILHENA
543;FACULDADE SUDAMERICA
544;CENTRO DE ENSINO SUPERIOR RIOGRANDESE
545;CENTRO UNIVERSITÁRIO - UNIESP
546;FACULDADE DE CIÊNCIAS HUMANAS,EXATAS E DA SAÚDE DO PIAUÍ
547;FACULDADE PRESIDENTE ANTÔNIO CARLOS
548;FACULDADE SANTISSIMA TRINDADE
549;FACULDADE DE TECNOLOGIA DA PARAÍBA
550;FACULDADE LINEAR
551;CENTRO UNIVERSITÁRIO LA SALLE DO RIO DE JANEIRO
552;FACULDADE DE INTEGRAÇÃO DO ENSINO SUPERIOR DO CONE SUL
553;FACULDADE VALE DO PAJEU
554;FACULDADE DE MÚSICA CARLOS GOMES
555;FACULDADE DE EDUCAÇÃO DE JARU
556;CENTRO UNIVERSITÁRIO PRESIDENTE TANCREDO DE ALMEIDA NEVES
557;CENTRO UNIVERSITÁRIO TOCANTINENSE PRESIDENTE ANTÔNIO CARLOS
558;FACULDADE UNIFAMETRO CASCAVEL
559;INSTITUTO DE ENSINO SUPERIOR FRANCISCANO
560;FACULDADE DE APUCARANA
561;FOCCA - FACULDADE DE OLINDA
562;FACULDADE DE EDUCAÇÃO FÍSICA DA ASSOCIAÇÃO CRISTÃ DE MOÇOS DE SOROCABA
563;FACULDADE DE SANTO ANDRE
564;FACULDADE DE PRESIDENTE EPITÁCIO - FAPE
565;FACULDADE ELO
566;FACULDADE MARIA MILZA
567;FACULDADE DA ALTA PAULISTA
568;CENTRO UNIVERSITÁRIO FACVEST
569;FACULDADES INTEGRADAS BARROS MELO
570;FACULDADE DOM LUIS DE ORLEANS E BRAGANÇA
571;FACULDADE DE DIREITO DE VITÓRIA
572;UNIVERSIDADE IBIRAPUERA
573;FACULDADE UNIFAMETRO MARACANAÚ
574;FACULDADE UNA DE NOVA SERRANA
575;CENTRO UNIVERSITÁRIO SÃO LUCAS
576;FACULDADE DE TAQUARITINGA
577;FACULDADE DE TUPÃ
578;CENTRO UNIVERSITÁRIO U:VERSE
579;FACULDADES JOÃO PAULO II - PELOTAS
580;FACULDADES INTEGRADAS DA AMERICA DO SUL
581;CENTRO DE ENSINO SUPERIOR DO TOCANTINS
582;CENTRO UNIVERSITÁRIO ALVES FARIA
583;FACULDADE ANTÔNIO MENEGHETTI
584;FACULDADE DE DIREITO FRANCISCO BELTRÃO
585;FACULDADE DE TECNOLOGIA DE PIRACICABA
586;FACULDADE LEONARDO DA VINCI - SANTA CATARINA
587;FACULDADES INTEGRADAS POTENCIAL
588;FACULDADES INTEGRADAS MACHADO DE ASSIS
589;FACULDADE DO GUARUJÁ
590;UNIVERSIDADE ANHEMBI MORUMBI
591;INSTITUTO SUPERIOR DE EDUCAÇÃO DE GUARATUBA
592;FACULDADE CENTRO PAULISTANO
593;FACULDADE UNIATENEU
594;FACULDADE DE DRACENA
595;FACULDADE DO LITORAL PARANAENSE
596;INSTITUTO DE ENSINO SUPERIOR DE CUIABÁ
597;FACULDADE DE MATO GROSSO
598;FACULDADE EVANGELICA MACKENZIE DO PARANÁ
599;FACULDADES JOÃO PAULO II
600;CENTRO UNIVERSITÁRIO SOCIESC
601;FACULDADE INTERNACIONAL DA PARAÍBA
602;FACULDADE SOCIESC DE BALNEÁRIO CAMBORIÚ
603;CENTRO UNIVERSITÁRIO ASSUNÇÃO
604;FACULDADES UNIDAS DE PESQUISA, CIÊNCIAS E SAÚDE LTDA
605;FACULDADES JOÃO PAULO II - CAMPUS PORTO ALEGRE
606;CENTRO UNIVERSITÁRIO CAMPOS DE ANDRADE
607;FACULDADE VALE DO CRICARE
608;FACULDADE SANTA MARIA DA GLÓRIA
609;CENTRO UNIVERSITÁRIO ÁLVARES PENTEADO
610;PONTIFÍCIA UNIVERSIDADE CATÓLICA DE MINAS GERAIS
611;FACULDADE DO INSTITUTO BRASIL
612;FACULDADE DE BALSAS
613;FACULDADE NETWORK
614;FACULDADE DOM ALBERTO
615;FACULDADE DE MEDICINA DE ITAJUBÁ
616;FACULDADE DOM PEDRO II DE TECNOLOGIA
617;INSTED - INSTITUTO AVANÇADO DE ENSINO SUPERIOR E DESENVOLVIMENTO HUMANO
618;INSTITUTO SUPERIOR DE EDUCAÇÃO OCIDENTE
619;FACULDADES INTEGRADAS DE CIÊNCIAS HUMANAS, SAÚDE E EDUCAÇÃO DE GUARULHOS
620;FACULDADE DO VALE DO ITAJAÍ MIRIM
621;FACULDADE METROPOLITANA DE RIO DO SUL
622;CENTRO DE ENSINO SUPERIOR RIOGRANDENSE MARAU CESURG
623;FACULDADE PRESIDENTE ANTÔNIO CARLOS DE UBERABA
624;CENTRO UNIVERSITÁRIO DA GRANDE DOURADOS
625;FACULDADES NETWORK - CAMPUS SUMARE
626;FACULDADE UNA DE DIVINÓPOLIS
627;CENTRO UNIVERSITÁRIO PADRE ALBINO
628;UNIVERSIDADE CATÓLICA DE PETRÓPOLIS
629;FACULDADE CATÓLICA DE ANÁPOLIS
630;FACULDADE PADRE JOÃO BAGOZZI
631;FACULDADE FUNORTE DE JANUÁRIA
632;FACULDADE DE TECNOLOGIA TUPY DE SÃO BENTO DO SUL
633;FACULDADE DOM BOSCO DE PORTO ALEGRE
634;FACULDADE DE CIÊNCIAS MEDICAS DA PARAÍBA
635;FACULDADE GUARAPUAVA
636;FACULDADE DE MEDICINA DE BARBACENA
637;FACULDADE REINALDO RAMOS
638;FACULDADE NOSSA SENHORA DE FÁTIMA
639;CENTRO UNIVERSITÁRIO ESPÍRITO-SANTENSE/FAESA
640;FACULDADE CLARETIANA DE TEOLOGIA
641;FACULDADES INTEGRADAS DO NORTE DE MINAS - FUNORTE
642;FACULDADE DE CIÊNCIAS MEDICAS E DA SAÚDE DE JUIZ DE FORA
643;FACULDADE KENNEDY DE MINAS GERAIS - FKMG
644;FACULDADE DE SAÚDE E HUMANIDADES IBITURUNA
645;FACULDADE DE DIREITO DE IPATINGA
646;INSTITUTO DE CIÊNCIAS DA SAÚDE
647;FACULDADE PROMOVE DE MINAS GERAIS
648;FACULDADE NORTE CAPIXABA DE SAO MATEUS
649;FACULDADE KENNEDY DE BELO HORIZONTE
650;FACULDADE UNIRB - TERESINA
651;FACULDADE UNINASSAU PETROLINA
652;FACULDADE UNINASSAU CARUARU
653;FACIULDADE UNINASSAU BRASÍLIA
654;FACULDADE SANTO AGOSTINHO
655;FACULDADE PROMOVE DE BELO HORIZONTE
656;FACULDADE PROMOVE DE TECNOLOGIA
657;UNIVERSIDADE DO VALE DO ITAJAÍ
658;FACULDADE UNINASSAU MANAUS
659;FACULDADE UNINASSAU CABO
660;FACULDADE CESGRANRIO
661;CENTRO UNIVERSITÁRIO FAMETRO
662;FACULDADE DO NOROESTE DE MINAS
663;FACULDADE SANTO AGOSTINHO DE SETE LAGOAS
664;FACULDADE SANTO AGOSTINHO DE VITÓRIA DA CONQUISTA
665;FACULDADE UNINASSAU OLINDA - NASSAU OLINDA
666;FACULDADE ZACARIAS DE GÓES
667;FACULDADE DE CIÊNCIAS DA SAÚDE DE UNAÍ
668;FACULDADE CIDADE DE COROMANDEL
669;FACULDADE SANTÍSSIMO SACRAMENTO
670;FACULDADE CECAPE
671;FACULDADE DE PIRACANJUBA
672;FACULDADE DE EDUCAÇÃO E MEIO AMBIENTE
673;FACULDADE DE AMERICANA
674;FACULDADE FINOM DE PATOS DE MINAS
675;FACULDADE TECSOMA
676;FACULDADE UNIRB - ARACAJU
677;FACULDADE BRASILEIRA DE TECNOLOGIA
678;INSTITUTO FLORENCE DE ENSINO SUPERIOR
679;FACULDADE DO VALE DO RIO ARINOS
680;FACULDADES INTEGRADAS EINSTEIN DE LIMEIRA
681;FACULDADE ALIANÇA EDUCACIONAL DO ESTADO DE SÃO PAULO
682;FACULDADE DO NORTE DE MATO GROSSO
683;FACULDADE DE CIÊNCIAS MEDICAS DE TRÊS RIOS
684;FACULDADE LUSÓFONA DE SÃO PAULO
685;UNIVERSIDADE JOSE DO ROSÁRIO VELLANO
686;FACULDADE DOM BOSCO
687;FACULDADE DE TECNOLOGIA E CIÊNCIAS DA BAHIA
688;UNAMA FACULDADE DA AMAZÔNIA DE RIO BRANCO
689;FACULDADE UNIVERITAS UNIVERSUS VERITAS DE BELO HORIZONTE - VERITAS BH
690;FACULDADE CAPITAL FEDERAL
691;UNIVERSIDADE DO VALE DO SAPUCAÍ
692;FACULDADE UNIRB - JUAZEIRO
693;FACULDADE PRESIDENTE ANTÔNIO CARLOS DE GOVERNADOR VALADARES
694;FACULDADE SANTA CECÍLIA
695;FACULDADE DE TECNOLOGIA LA SALLE - ESTRELA
696;ESCOLA SUPERIOR DE AVIAÇÃO CIVIL
697;UNAMA FACULDADE DA AMAZÔNIA DE BOA VISTA
698;SOBRESP - FACULDADE DE CIÊNCIAS DA SAÚDE
699;FACULDADE BAIANA DE TECNOLOGIA E CIÊNCIAS
700;FACULDADE DINÃMICA DO VALE DO PIRANGA
701;CENTRO UNIVERSITÁRIO FACENS
702;FACULDADE CALAFIORI
703;FACULDADE DE CIÊNCIAS HUMANAS DO ESTADO DE SÃO PAULO
704;FACULDADE QUIRINÓPOLIS
705;FACULDADE NOROESTE DO MATO GROSSO
706;FACULDADE UNINASSAU FEIRA DE SANTANA
707;FACULDADE UNIRB - MACEIO
708;FACULDADE DE JUSSARA
709;FACULDADE DE ENSINO SUPERIOR DO CENTRO DO PARANÁ
710;ESCOLA SUPERIOR DE GESTÃO COMERCIAL E MARKETING
711;FACULDADE DE CIÊNCIAS ECONÔMICAS, ADMINISTRATIVAS E DA COMPUTAÇÃO DOM BOSCO
712;CENTRO UNIVERSITÁRIO DE DESENVOLVIMENTO DO CENTRO OESTE
713;UNIVERSIDADE DE SOROCABA
714;UNIVERSIDADE FRANCISCANA
715;FACULDADE PIO DECIMO DE CANINDE DO SAO FRANCISCO
716;FACULDADE DE FILOSOFIA CIÊNCIAS E LETRAS DOM BOSCO
717;FACULDADE DE DIREITO DE VARGINHA - FADIVA
718;FACULDADE FIGUEIREDO COSTA - FIC
719;FACULDADE CIDADE DE APARECIDA DE GOIÃNIA
720;FACULDADE DE CIÊNCIAS MEDICAS DE MINAS GERAIS
721;FACULDADE PRESIDENTE ANTÔNIO CARLOS DE MARIANA
722;FACULDADE DE ENGENHARIA DE RESENDE
723;FACULDADE UNIRB -  CEARÁ
724;FACULDADE ADVENTISTA PARANAENSE
725;FACULDADE MAUÁ DE BRASÍLIA
726;CENTRO UNIVERSITÁRIO UNIFAAT
727;FACULDADE INTEGRADA DE PALMEIRAS DE GOIÁS
728;AJES - FACULDADE DO VALE DO JURUENA
729;FACULDADE EDUCACIONAL ARAUCÁRIA
730;FACULDADE SEQUENCIAL
731;CENTRO TECNICO-EDUCACIONAL SUPERIOR DO OESTE PARANAENSE
732;CHRISTUS FACULDADE DO PIAUÍ
733;FACULDADE HERRERO
734;FACULDADE DE ENSINO SUPERIOR DA AMAZÔNIA
735;CENTRO UNIVERSITÁRIO ICESP
736;FACULDADE DE ARACAJU
737;FACULDADES INTEGRADAS VIANNA JÚNIOR
738;FACULDADE CESUSC
739;FACULDADE DOM PEDRO II - LUIS EDUARDO MAGALHÃES
740;FACULDADE DE TECNOLOGIA ALTO MEDIO SÃO FRANCISCO
741;INSTITUTO UNIFICADO DE ENSINO SUPERIOR OBJETIVO
742;FACULDADE DE TECNOLOGIA CARLOS DRUMMOND DE ANDRADE
743;FACULDADE CAMPO GRANDE
744;NOVA FACULDADE
745;FACULDADE MATO GROSSO DO SUL
746;FACULDADE DE ECONOMIA E PROCESSAMENTO DE DADOS DE FOZ DO IGUAÇU
747;FACULDADE SERGIPANA
748;CENTRO UNIVERSITÁRIO CATÓLICO DE VITÓRIA
749;FACULDADE DE TECNOLOGIA EM SAÚDE
750;CENTRO UNIVERSITÁRIO FAMINAS
751;UNIVERSIDADE DE MARÍLIA
752;CENTRO UNIVERSITÁRIO EURO-AMERICANO
753;FACULDADE PAN AMAZAMAZÔNIANICA
754;CLARETIANO - CENTRO UNIVERSITÁRIO
755;CENTRO UNIVERSITÁRIO UNIDADE DE ENSINO SUPERIOR DOM BOSCO
756;CENTRO UNIVERSITÁRIO SENAC
757;FACULDADE DE DIREITO DE SANTA MARIA
758;FACULDADE GRAN TIETÊ
759;FACULDADE ARAGUAIA
760;CENTRO UNIVERSITÁRIO CAMPO LIMPO PAULISTA
761;FACULDADE SANTA TEREZINHA
762;FACULDADE AMADEUS
763;CENTRO UNIVERSITÁRIO PADRE ANCHIETA
764;INSTITUTO SUPERIOR E CENTRO EDUCACIONAL LUTERANO - BOM JESUS - IELUSC
765;INSTITUTO DE ENSINO SUPERIOR DO SUL DO MARANHÃO
766;FACULDADE LOURENÇO FILHO
767;FACULDADE MATER DEI
768;FACULDADE DE MINAS BH
769;FACULDADE DO FUTURO
770;FACULDADE DE INTEGRAÇÃO DO SERTÃO
771;FACULDADE DE CIÊNCIAS HUMANAS DE PERNAMBUCO
772;CLARETIANO - FACULDADE DE BOA VISTA
773;FACULDADE DE ADMINISTRAÇÃO DA ASSOCIAÇÃO BRASILIENSE DE EDUCAÇÃO
774;CENTRO UNIVERSITÁRIO EURÍPEDES DE MARÍLIA
775;CENTRO UNIVERSITÁRIO REDENTOR
776;FACULDADE DE MIGUEL PEREIRA
777;FACULDADE DE TECNOLOGIA LOURENÇO FILHO
778;FACULDADE DE CIÊNCIAS GERENCIAIS DE SÃO GOTARDO
779;FACULDADE DO VALE DO JAGUARIBE
780;FACULDADE SAPIENS
781;FACULDADE UNIRB - BARREIRAS
782;FACULDADE ITOP
783;FACULDADE UNIRB - ARAPIRACA
784;FACULDADE DE CIÊNCIAS HUMANAS DE OLINDA
785;FACULDADE REGIONAL BRASILEIRA - MACEIÓ
786;FACULDADE DE CIÊNCIAS DO TOCANTINS
787;CENTRO UNIVERSITÁRIO SANTO AGOSTINHO
788;CENTRO UNIVERSITÁRIO FACISA
789;FACULDADE CATHEDRAL
790;FACULDADES INTEGRADAS ADVENTISTAS DE MINAS GERAIS
791;CENTRO UNIVERSITÁRIO DE PATOS
792;FACULDADE SANTO AGOSTINHO DE ITABUNA
793;INSTITUTO DE ENSINO SUPERIOR DE TERESINA
794;FACULDADE DE ENSINO E CULTURA DO CEARÁ
795;CENTRO UNIVERSITÁRIO DE RIO PRETO
796;FACULDADE BARÃO DE PIRATININGA
797;FACULDADES INTEGRADAS DE PATOS
798;CENTRO UNIVERSITÁRIO SÃO FRANCISCO DE BARREIRAS
799;FACULDADE DE CIÊNCIAS SOCIAIS APLICADAS
800;FACULDADE DE ENSINO SUPERIOR DA AMAZÔNIA REUNIDA
801;FACULDADE EVANGELICA DE GOIANESIA
802;FACULDADE DE SAÚDE SANTO AGOSTINHO DE VITÓRIA DA CONQUISTA
803;CENTRO UNIVERSITÁRIO DE ANÁPOLIS
804;FACULDADE EVANGELICA DE CERES
805;CENTRO UNIVERSITÁRIO ATENEU
806;FACULDADE DE PATO BRANCO
807;FACULDADE BRASILEIRA
808;FACULDADE EVANGELICA DE RUBIATABA
809;FACULDADE EVANGELICA DE SENADOR CANEDO
810;UNIVERSIDADE DO GRANDE RIO PROFESSOR JOSE DE SOUZA HERDY
811;FACULDADE INTEGRADA DE SANTA MARIA
812;FACULDADE DE PIMENTA BUENO
813;FACULDADE DE IPORÁ
814;FACULDADE PANAMERICANA DE JI-PARANÁ
815;FACULDADE DE ESTUDOS AVANÇADOS DO PARÁ
816;FACULDADE EVANGELICA RAÍZES
817;FACULDADE DE TECNOLOGIA SENAC MINAS - UNIDADE BELO HORIZONTE
818;INSTITUTO DE ENSINO SUPERIOR DE AMERICANA
819;CENTRO UNIVERSITÁRIO CATÓLICO SALESIANO AUXILIUM
820;FACULDADE MELIES DE TECNOLOGIA
821;FACULDADE DE CIÊNCIAS GERENCIAIS PADRE ARNALDO JANSSEN
822;INSTITUTO SUPERIOR DE EDUCAÇÃO VERA CRUZ
823;FACULDADE FUNORTE DE JANAÚBA
824;FACULDADE DE EDUCAÇÃO DE GUARATINGUETÁ
825;FACULDADE ASA DE BRUMADINHO
826;UNIVERSIDADE FEEVALE
827;FACULDADE INTERNACIONAL DE SÃO LUÍS
828;FACULDADE PADRE CÍCERO
829;FACULDADE DE IBAITI
830;FACULDADE METROPOLITANA SÃO CARLOS BJI
831;FACULDADE SOCIESC DE ITAJAÍ
832;FACULDADE NOVO HAMBURGO
833;FACULDADE DE CAMPINA GRANDE DO SUL
834;CENTRO UNIVERSITÁRIO SANTA AMELIA
835;CENTRO UNIVERSITÁRIO DE LINS
836;UNIVERSIDADE SANTA CECÍLIA
837;CENTRO UNIVERSITÁRIO DE EXCELÊNCIA ENIAC
838;FACULDADE DO VALE DO SÃO FRANCISCO
839;FACULDADE DO CARIRI PARAIBANO
840;FACULDADES INTEGRADAS DE SERGIPE
841;FACULDADE SANTO ANTONIO DE QUEIMADAS
842;FACULDADE ESTÁCIO DE FLORIANÓPOLIS - ESTÁCIO FLORIANÓPOLIS
843;FACULDADE DE CIÊNCIAS SOCIAIS E AGRÁRIAS DE ITAPEVA
844;FACULDADE SUPERIOR DE ENSINO PROGRAMUS
845;FACULDADE PITÁGORAS DA PARAÍBA
846;FACULDADE EDUCACIONAL MILLENNIUM
847;FACULDADE DE CIÊNCIAS E TECNOLOGIA DE VIÇOSA
848;FACULDADE DE CIÊNCIAS AGRÁRIAS E EXATAS DE PRIMAVERA DO LESTE
849;FACULDADE DE ENSINO SUPERIOR DO INTERIOR PAULISTA
850;CENTRO UNIVERSITÁRIO UNIDOM - BOSCO
851;FACULDADE DE ENSINO SUPERIOR E FORMAÇÃO INTEGRAL
852;FACULDADE DE CIÊNCIAS SOCIAIS E HUMANAS SOBRAL PINTO
853;FACULDADES INTEGRADAS CAMÕES
854;FACULDADE DE CIÊNCIAS HUMANAS E BIOLÓGICAS E DA SAÚDE
855;FACULDADE DE CIÊNCIAS SOCIAIS APLICADAS DE SINOP
856;FACULDADE ANHANGUERA PITÁGORAS VOTORANTIM
857;FACULDADE DE COMUNICAÇÃO PITÁGORAS UNIDADE GUARAPARI
858;FACULDADE DE DIREITO DE TANGARÁ DA SERRA
859;FACULDADE PITÁGORAS DE MINAS GERAIS
860;FACULDADES INTEGRADAS DE TANGARÁ DA SERRA
861;CENTRO DE ENSINO UNIFICADO DO PIAUÍ
862;FACULDADE UNA DE CATALÃO
863;FACULDADE PITÁGORAS DE GUARAPARI
864;FACULDADE PITAGORAS DE EUNAPOLIS
865;FACULDADE DE DIREITO UNIDADE GUARAPARI
866;FACULDADE DE CIÊNCIAS JURÍDICAS, GERENCIAIS E EDUCAÇÃO DE SINOP
867;FACULDADE DE CIÊNCIAS JURÍDICAS E SOCIAIS APLICADAS DE PRIMAVERA DO LESTE
868;FACULDADE UNIME DE EDUCAÇÃO E COMUNICAÇÃO
869;CENTRO SUPERIOR UNA DE CATALÃO
870;FACULDADE VAN GOGH
871;FACULDADE DE CIÊNCIAS MEDICAS DE SÃO JOSÉ DOS CAMPOS
872;FACULDADE PITÁGORAS DE JEQUIE
873;FACULDADE ANHANGUERA PITÁGORAS DE JUNDIAÍ
874;FACULDADE DE TECNOLOGIA BANDEIRANTES
875;CENTRO UNIVERSITÁRIO PITÁGORAS DE MARABÁ
876;FACULDADE IBMEC SÃO PAULO
1754;PONTIFÍCIA UNIVERSIDADE CATÓLICA DO PARANÁ
1755;FACULDADE EVANGÉLICA DE CERES
1756;UNIVERSIDADE EVANGÉLICA DE GOIÁS
1757;FACULDADE EVANGÉLICA DE GOIANÉSIA
1758;FACULDADE EVANGÉLICA DE JARAGUÁ
1759;UNIVERSIDADE CATÓLICA DOM BOSCO
1760;FACULDADE EVANGÉLICA DE SENADOR CANEDO
1761;CENTRO UNIVERSITÁRIO DE GOIÁS
1762;FACULDADES INTEGRADAS DE JAHU
1763;UNIVERSIDADE CATÓLICA DE PERNAMBUCO
1764;UNIVERSIDADE TIRADENTES
1765;CENTRO UNIVERSITÁRIO TIRADENTES
1766;CENTRO UNIVERSITÁRIO TIRADENTES DE PERNAMBUCO
1767;PONTIFÍCIA UNIVERSIDADE CATÓLICA DE CAMPINAS
1768;UNIVERSIDADE JOSÉ DO ROSÁRIO VELLANO
1769;FACULDADE TIRADENTES DE JABOATÃO DOS GUARARAPES
1770;CENTRO UNIVERSITÁRIO AESO -  BARROS MELO
1771;CENTRO UNIVERSITÁRIO DA FUNDAÇÃO EDUCACIONAL DE BARRETOS
1772;CENTRO UNIVERSITÁRIO DE BRASÍLIA
1773;ESCOLA SUPERIOR DE SAÚDE DE ARCOVERDE
1774;FACULDADE DE FILOSOFIA CIÊNCIAS E LETRAS DE PENÁPOLIS
1775;CENTRO DE ENSINO SUPERIOR DE ARCOVERDE
1776;CENTRO UNIVERSITÁRIO SÃO JOSÉ DE ITAPERUNA
1777;FACULDADE DE DIREITO DE CONSELHEIRO LAFAIETE
1778;CENTRO DE ENSINO SUPERIOR DE CONSELHEIRO LAFAIETE
1779;CENTRO UNIVERSITÁRIO DO PLANALTO DE ARAXÁ
1780;CENTRO UNIVERSITÁRIO DE SETE LAGOAS
1781;INSTITUTO NACIONAL DE TELECOMUNICAÇÕES
1782;FACULDADES INTEGRADAS DE ARARAQUARA
1783;CENTRO UNIVERSITÁRIO CATÓLICA DO TOCANTINS
1784;CONSERVATÓRIO BRASILEIRO DE MÚSICA - CENTRO UNIVERSITÁRIO BRASILEIRO DE EDUCAÇÃO
1785;FACULDADE DE FILOSOFIA CIÊNCIAS E LETRAS DE CARUARU
1786;CENTRO UNIVERSITÁRIO BELAS ARTES DE SÃO PAULO
1787;FACULDADES INTEGRADAS DA UPIS
1788;FACULDADE ESTÁCIO DE SÁ DE CAMPO GRANDE
1789;CENTRO UNIVERSITÁRIO FILADÉLFIA
1790;CENTRO UNIVERSITÁRIO METODISTA
1791;FACULDADE ESTÁCIO DE SÁ DE VILA VELHA
1792;FACULDADE ESTÁCIO DE SÁ DE VITÓRIA
1793;CENTRO UNIVERSITÁRIO ESTÁCIO DE SANTA CATARINA - ESTÁCIO SANTA CATARINA
1794;CENTRO UNIVERSITÁRIO ESTÁCIO JUIZ DE FORA - ESTÁCIO JUIZ DE FORA
1795;FACULDADE ESTÁCIO DE SÁ DE OURINHOS
1796;UNIVERSIDADE LUTERANA DO BRASIL
1797;FACULDADE ESTÁCIO DE SÁ DE GOIÁS
1798;CENTRO UNIVERSITÁRIO LUTERANO DE SANTARÉM
1799;CENTRO UNIVERSITÁRIO LUTERANO DE MANAUS
1800;CENTRO UNIVERSITÁRIO LUTERANO DE PALMAS
1801;INSTITUTO LUTERANO DE ENSINO SUPERIOR DE ITUMBIARA
1802;CENTRO UNIVERSITÁRIO SANT ANNA
1803;FACULDADE ARMANDO ALVARES PENTEADO
1804;UNIVERSIDADE DO GRANDE RIO PROFESSOR JOSÉ DE SOUZA HERDY
1805;UNIVERSIDADE VEIGA DE ALMEIDA
1806;UNIVERSIDADE METODISTA DE SÃO PAULO
1807;UNIVERSIDADE CASTELO BRANCO
1808;FACULDADE DE MEDICINA DE PETRÓPOLIS
1809;CENTRO UNIVERSITÁRIO TABOSA DE ALMEIDA
1810;FACULDADE DE EDUCAÇÃO SUPERIOR DO PARANÁ
1811;CENTRO UNIVERSITÁRIO ARTHUR SÁ EARP NETO
1812;CENTRO UNIVERSITÁRIO DE VOLTA REDONDA
1813;CENTRO UNIVERSITÁRIO METROPOLITANO DE SÃO PAULO
1814;UNIVERSIDADE DO SUL DE SANTA CATARINA
1815;CENTRO UNIVERSITÁRIO ÍTALO-BRASILEIRO
1816;CENTRO UNIVERSITÁRIO DA FUNDAÇÃO EDUCACIONAL GUAXUPÉ
1817;FACULDADE DE CIÊNCIAS E LETRAS DE BRAGANÇA PAULISTA
1818;CENTRO UNIVERSITÁRIO FLUMINENSE
1819;FACULDADE DE CIÊNCIAS SOCIAIS APLICADAS DO SUL DE MINAS - FACESM
1820;CENTRO UNIVERSITÁRIO FUNDAÇÃO SANTO ANDRÉ
1821;FACULDADES INTEGRADAS CAMPO-GRANDENSES
1822;CENTRO UNIVERSITÁRIO METODISTA IZABELA HENDRIX
1823;CENTRO UNIVERSITÁRIO DO DISTRITO FEDERAL
1824;CENTRO UNIVERSITÁRIO DE BARRA MANSA
1825;FACULDADE DE EDUCAÇÃO SÃO LUÍS
1826;UNIVERSIDADE CATÓLICA DO SALVADOR
1827;CENTRO UNIVERSITÁRIO DE VOTUPORANGA
1828;FACULDADES OSWALDO CRUZ
1829;PONTIFÍCIA UNIVERSIDADE CATÓLICA DE GOIÁS
1830;CENTRO UNIVERSITÁRIO CELSO LISBOA
1831;CENTRO UNIVERSITÁRIO DAS FACULDADES INTEGRADAS DE OURINHOS
1832;UNIVERSIDADE METODISTA DE PIRACICABA
1833;CENTRO UNIVERSITÁRIO DA VITÓRIA DE SANTO ANTÃO
1834;UNIVERSIDADE REGIONAL DO NOROESTE DO ESTADO DO RIO GRANDE DO SUL
1835;PONTIFÍCIA UNIVERSIDADE CATÓLICA DE SÃO PAULO
1836;CENTRO UNIVERSITÁRIO AUGUSTO MOTTA
1837;CENTRO UNIVERSITÁRIO DE CARATINGA
1838;UNIVERSIDADE DE FORTALEZA
1839;FACULDADES INTEGRADAS SÃO JUDAS TADEU
1840;CENTRO UNIVERSITÁRIO DE FORMIGA
1841;FACULDADES UNIFICADAS DE LEOPOLDINA
1842;FACULDADE DOCTUM DE VITÓRIA
1843;FACULDADE DOCTUM DE JUIZ DE FORA
1844;FACULDADES DOCTUM DE GUARAPARI
1845;FACULDADE DOCTUM DE CARANGOLA
1846;FACULDADE DOCTUM DE VILA VELHA
1847;FACULDADE DOCTUM DA ZONA NORTE DE JUIZ DE FORA
1848;FACULDADE PRESIDENTE ANTÔNIO CARLOS DE CONSELHEIRO LAFAIETE
1849;UNIVERSIDADE MUNICIPAL DE SÃO CAETANO DO SUL
1850;FACULDADE DE DIREITO DE CACHOEIRO DO ITAPEMIRIM
1851;FACULDADE DE CIÊNCIAS CONTÁBEIS E ADMINISTRATIVAS DE CACHOEIRO DO ITAPEMIRIM
1852;CENTRO UNIVERSITÁRIO CESMAC
1853;FACULDADE PRESIDENTE ANTÔNIO CARLOS DE UBERLÂNDIA
1854;FACULDADE DE EDUCAÇÃO E ESTUDOS SOCIAIS DE UBERLÂNDIA
1855;FACULDADE PRESIDENTE ANTÔNIO CARLOS DE PONTE NOVA
1856;FACULDADE PRESIDENTE ANTÔNIO CARLOS DE LEOPOLDINA
1857;FACULDADE PRESIDENTE ANTÔNIO CARLOS DE ITABIRITO
1858;FACULDADE PRESIDENTE ANTÔNIO CARLOS DE NOVA LIMA
1859;UNIVERSIDADE NOVE DE JULHO
1860;FACULDADE MARECHAL RONDON
1861;FACULDADE CESMAC DO SERTÃO
1862;FACULDADE CNEC SANTO ÂNGELO
1863;FACULDADE CNEC CAMPO LARGO
1864;CENTRO UNIVERSITÁRIO CENECISTA DE OSÓRIO
1865;FACULDADE CNEC UNAÍ
1866;FACULDADE CESMAC DO AGRESTE
1867;FACULDADE CNEC GRAVATAÍ
1868;FACULDADE CNEC RIO DAS OSTRAS
1869;FACULDADE CNEC VARGINHA
1870;CENTRO UNIVERSITÁRIO CNEC DE BENTO GONÇALVES
1871;FACULDADE CNEC JOINVILLE
1872;FACULDADE CNEC FARROUPILHA
1873;FACULDADE CNEC ITABORAÍ
1874;FACULDADE CNEC ITAJAÍ
1875;LIBERTAS - FACULDADES INTEGRADAS
1876;ESCOLA SUPERIOR DE PROPAGANDA E MARKETING
1877;ESCOLA SUPERIOR DE PROPAGANDA E MARKETING DE PORTO ALEGRE
1878;ESCOLA SUPERIOR DE PROPAGANDA E MARKETING DO RIO DE JANEIRO
1879;UNIVERSIDADE POSITIVO
1880;FACULDADE PIO DÉCIMO
1881;UNIVERSIDADE SALGADO DE OLIVEIRA
1882;FACULDADE DE ADMINISTRAÇÃO MILTON CAMPOS
1883;FACULDADE NOVE DE JULHO DE BAURU
1884;FACULDADE NOVE DE JULHO DE OSASCO
1885;FACULDADE NOVE DE JULHO GUARULHOS
1886;FACULDADE NOVE DE JULHO MAUÁ
1887;CENTRO UNIVERSITÁRIO DO TRIÂNGULO
1888;UNIVERSIDADE IGUAÇU
1889;CENTRO UNIVERSITÁRIO ACADEMIA
1890;FACULDADE  ARNALDO JANSSEN
1891;ESCOLA DE ENGENHARIA KENNEDY
1892;INSTITUTO SUPERIOR DE CIÊNCIAS APLICADAS - ISCA
1893;FACULDADE DE CIÊNCIAS MÉDICAS DE MINAS GERAIS
1894;CENTRO UNIVERSITÁRIO DE JOÃO PESSOA
1895;UNIVERSIDADE TUIUTI DO PARANÁ
1896;CENTRO UNIVERSITÁRIO DO CERRADO-PATROCÍNIO
1897;FACULDADE DE BIBLIOTECONOMIA E CIÊNCIA DA INFORMAÇÃO
1898;ESCOLA DE SOCIOLOGIA E POLÍTICA DE SÃO PAULO
1899;FACULDADE DE ADMINISTRAÇÃO DA FESPSP
1900;FACULDADE EVANGÉLICA DE RUBIATABA
1901;FACULDADE EVANGÉLICA RAÍZES
1902;FACULDADE DE ESTUDOS SUPERIORES DE MINAS GERAIS
1903;FACULDADE DE DIREITO PADRE ARNALDO JANSSEN
1904;FACULDADE DE ESTUDOS ADMINISTRATIVOS DE MINAS GERAIS - FEAD-MG
1905;FACULDADE DA REGIÃO DOS LAGOS
1906;CENTRO UNIVERSITÁRIO UNIFAFIBE
1907;CENTRO UNIVERSITÃRIO DE ANÃPOLIS
1908;FACULDADE RAIMUNDO MARINHO DE PENEDO
1909;FACULDADE RAIMUNDO MARINHO
1910;FACULDADES INTEGRADAS STELLA MARIS DE ANDRADINA
1911;FACULDADE EVANGÃ¿LICA RAÃZES
1912;CENTRO UNIVERSITÁRIO DO NORTE PAULISTA
1913;FACULDADE DE CIÊNCIAS CONTÁBEIS
1914;FACULDADE VISCONDE DE CAIRÚ
1915;FACULDADE SALESIANA DE SANTA TERESA
1916;FACULDADE ESTÁCIO DE ALAGOINHAS
1917;FACULDADE ESTÁCIO DE JARAGUÁ DO SUL
1918;FACULDADE DE DIREITO DO SUL DE MINAS
1919;CENTRO REGIONAL UNIVERSITÁRIO DE ESPÍRITO SANTO DO PINHAL
1920;FACULDADES INTEGRADAS SIMONSEN
1921;FACULDADES UNIFICADAS DE CATAGUASES
1922;FACULDADE DE ADMINISTRAÇÃO DE CATAGUASES
1923;FACULDADE PRESIDENTE ANTÔNIO CARLOS DE VISCONDE DO RIO BRANCO
1924;FACULDADE PRESIDENTE ANTÔNIO CARLOS DE SABARÁ
1925;FACULDADE PRESIDENTE ANTÔNIO CARLOS DE BAEPENDI
1926;FACULDADE PRESIDENTE ANTÔNIO CARLOS DE LAMBARI
1927;FACULDADES DE DRACENA
1928;FACULDADE NOVE DE JULHO DE SÃO BERNARDO DO CAMPO
